CREATE DATABASE  IF NOT EXISTS `geurime` /*!40100 DEFAULT CHARACTER SET utf8mb4 COLLATE utf8mb4_0900_ai_ci */ /*!80016 DEFAULT ENCRYPTION='N' */;
USE `geurime`;
-- MySQL dump 10.13  Distrib 8.0.29, for Win64 (x86_64)
--
-- Host: k7a506.p.ssafy.io    Database: geurime
-- ------------------------------------------------------
-- Server version	8.0.31

/*!40101 SET @OLD_CHARACTER_SET_CLIENT=@@CHARACTER_SET_CLIENT */;
/*!40101 SET @OLD_CHARACTER_SET_RESULTS=@@CHARACTER_SET_RESULTS */;
/*!40101 SET @OLD_COLLATION_CONNECTION=@@COLLATION_CONNECTION */;
/*!50503 SET NAMES utf8 */;
/*!40103 SET @OLD_TIME_ZONE=@@TIME_ZONE */;
/*!40103 SET TIME_ZONE='+00:00' */;
/*!40014 SET @OLD_UNIQUE_CHECKS=@@UNIQUE_CHECKS, UNIQUE_CHECKS=0 */;
/*!40014 SET @OLD_FOREIGN_KEY_CHECKS=@@FOREIGN_KEY_CHECKS, FOREIGN_KEY_CHECKS=0 */;
/*!40101 SET @OLD_SQL_MODE=@@SQL_MODE, SQL_MODE='NO_AUTO_VALUE_ON_ZERO' */;
/*!40111 SET @OLD_SQL_NOTES=@@SQL_NOTES, SQL_NOTES=0 */;

--
-- Table structure for table `board`
--

DROP TABLE IF EXISTS `board`;
/*!40101 SET @saved_cs_client     = @@character_set_client */;
/*!50503 SET character_set_client = utf8mb4 */;
CREATE TABLE `board` (
  `board_id` bigint NOT NULL AUTO_INCREMENT,
  `board_category` varchar(255) NOT NULL,
  `board_content` longtext NOT NULL,
  `board_title` varchar(50) NOT NULL,
  `board_views` int NOT NULL,
  `create_time` datetime(6) DEFAULT NULL,
  `update_time` datetime(6) DEFAULT NULL,
  `user_id` bigint DEFAULT NULL,
  `board_image_path` varchar(1000) DEFAULT NULL,
  PRIMARY KEY (`board_id`),
  KEY `FKfyf1fchnby6hndhlfaidier1r` (`user_id`),
  CONSTRAINT `FKfyf1fchnby6hndhlfaidier1r` FOREIGN KEY (`user_id`) REFERENCES `user` (`user_id`)
) ENGINE=InnoDB AUTO_INCREMENT=133 DEFAULT CHARSET=utf8mb4 COLLATE=utf8mb4_0900_ai_ci;
/*!40101 SET character_set_client = @saved_cs_client */;

--
-- Dumping data for table `board`
--

LOCK TABLES `board` WRITE;
/*!40000 ALTER TABLE `board` DISABLE KEYS */;
INSERT INTO `board` VALUES (101,'질문','요즘 아이가 학교 끝나고 돌아오면 시무룩한 상태로 방에만 틀어박혀서 나오질 않는데, 학교에서 무슨 일이 있는건지..ㅜㅜ\n\n걱정 되어서 물어봐도 괜찮다며 대답을 안하네요...\n\n혹시 상담센터라도 가면 좀 나아질까 싶어서 여쭤봅니다^^','아동 심리 상담센터 추천해주세요~',18,'2022-11-15 14:20:27.984674','2022-11-16 15:03:15.702035',56,NULL),(109,'자유','저번 주 아이와 함께 회원님들이 추천해주셨던 상담센터에 갔다왔어요\n\n상담 받고 나니 아이가 어떤 상태인지 친절하고 자세하게 알려주셔서 좋았어요ㅎㅎ 걱정했던 것에 비해 큰 문제는 아니었어서 한시름 놓았네요~^^\n\n아이도 그림 그리면서 상담 받은게 재밌었는지 또 가고 싶다고 해서 당분간 주기적으로 다녀보려고 합니다ㅎㅎ\n\n추천해주셨던 회원님들 감사드려요~\n상담센터에서 그려온 아이 그림도 첨부해서 올립니다^^','상담센터 다녀왔어요~ㅎㅎ',15,'2022-11-16 14:52:44.324993','2022-11-16 15:02:57.868193',56,'https://geurime-a506.s3.ap-northeast-2.amazonaws.com/static/a1d26da2-12c6-4ed2-8100-049e9279b6e0%5Chome%5Cubuntu%5Cstatic%5C%EB%B0%98%EB%B0%98%EB%AC%B4%EB%A7%88%EB%8B%88-%EC%A7%91%EA%B2%BD%EC%B9%98.jpg'),(119,'정보','안녕하세요, 미술대회 정보 알리미 미대정입니다!\n\n바로 다음주부터 개최되는 제 31회 자연사랑 어린이 미술대회 정보를 공유해드리고자 합니다\n\n관심 있으신 분들은 꼭 신청해보세요~ㅎㅎ\n\n[예선 응모기간]\n11.22(화)~12.9(금)\n[예선 심사]\n12.13(화)~12.16(금)\n[예선 심사발표]\n12.22(목)\n[본선대회]\n2023년 1월 중 예정\n\n더 자세한 정보는 카카오톡 채널 \'미대정\'을 추가하시거나, 자연사랑 어린이 미술대회 공식 사이트에 접속해서 확인해주세요!','제 31회 자연사랑 어린이 미술대회 정보',31,'2022-11-16 15:01:54.713744','2022-11-16 15:02:26.627061',39,'https://geurime-a506.s3.ap-northeast-2.amazonaws.com/static/21d8f149-4691-426c-bb47-466964016212%5Chome%5Cubuntu%5Cstatic%5C%ED%96%89%EB%B3%B5-%EA%B3%B5%EC%9B%90%EB%83%87%EA%B0%80_%EA%B2%8C%EC%8B%9C%EA%B8%805.jpg'),(124,'자유','유후','우리딸래미랑 꿔바로우먹엇죠~~',68,'2022-11-18 11:01:45.790773','2022-11-18 11:01:45.790782',21,'https://geurime-a506.s3.ap-northeast-2.amazonaws.com/static/1fd12917-65a7-4c04-a7dc-5f540b856944%5Chome%5Cubuntu%5Cstatic%5C20221116_185352.jpg'),(129,'자유','제 6살 딸 아이가 지난 주에 할머니댁에 들렀다 오고 나서 그린 그림이에요ㅎㅎ','우리 아이 그림 실력 어떤가요~?',4,'2022-11-20 19:17:19.356641','2022-11-20 19:17:19.356650',56,'https://geurime-a506.s3.ap-northeast-2.amazonaws.com/static/bcf05524-fef0-4434-955a-ef73f57368a2%5Chome%5Cubuntu%5Cstatic%5C%ED%96%89%EB%B3%B5-%EA%B0%9C_%EA%B2%8C%EC%8B%9C%EA%B8%802.jfif'),(130,'질문','5살 아들을 키우고 있는 엄마인데요..\n\n아이가 요즘 들어서 잔인한 그림만 그리네요ㅜㅜ\n전쟁 그림이나 싸우고 있는 그림, 흉기를 들고 있는 그림들만 그리는데 상담을 받아봐야 할까요?\n\n이런 경험 있으신 분들 계신가요?','아이가 잔인한 그림만 그려요ㅜㅜ',4,'2022-11-20 19:19:57.118594','2022-11-20 19:19:57.118599',21,'https://geurime-a506.s3.ap-northeast-2.amazonaws.com/static/863952cc-2e9f-4d2d-9561-d412ce8bf21c%5Chome%5Cubuntu%5Cstatic%5C%ED%8F%AD%EB%A0%A5-%EB%B0%94%EB%8B%A4_%EA%B2%8C%EC%8B%9C%EA%B8%806.jpg'),(131,'자유','아이가 어렸을 때 부터 유기견 보호소 봉사활동에 함께 다녔더니 강아지를 너무 좋아해서 이번에 한 마리 입양해왔어요ㅎㅎ\n\n데려오자마자 신나서 이름도 직접 지어주고 그림까지 그렸네요\n\n아이가 그린 그림 자랑할 겸 글 써봅니다ㅎㅎ','첫째가 강아지를 너무 좋아해요',10,'2022-11-20 19:26:49.152549','2022-11-20 19:28:26.403287',26,'https://geurime-a506.s3.ap-northeast-2.amazonaws.com/static/c4e8913f-fdb9-4f16-8a0d-db626b223dc2%5Chome%5Cubuntu%5Cstatic%5C%ED%96%89%ED%8F%AD-%EA%B0%9C_%EA%B2%8C%EC%8B%9C%EA%B8%803.jfif'),(132,'정보','안녕하세요, 미술대회 정보 알리미 미대정입니다!\n\n조만간 개최되는 제 24회 SH 어린이 그림그리기 대회 정보를 공유해드리고자 합니다\n\n관심 있으신 분들은 꼭 신청해보세요~ㅎㅎ\n\n[작품 주제]\n집에서도 우리가족은 \"재미있집\"\n[참가 대상]\n\"서울시\"에 거주하고 있는 4세 이상 13세 이하 어린이 (2010년생~2019년생)\n[모집 기간]\n11월 21일(월) 13:00~12월8일(목) 24:00\n*선착순 1000명 모집\n\n더 자세한 정보는 카카오톡 채널 \'미대정\'을 추가하시거나, 서울주택도시공사 공식 사이트에 접속해서 확인해주세요!','제 24회 SH 어린이 그림그리기 대회',33,'2022-11-20 19:36:32.310477','2022-11-20 19:36:47.925989',39,'https://geurime-a506.s3.ap-northeast-2.amazonaws.com/static/8eb78c62-98ab-408e-bb6a-967932258cc9%5Chome%5Cubuntu%5Cstatic%5C%EC%BA%A1%EC%B2%98.PNG');
/*!40000 ALTER TABLE `board` ENABLE KEYS */;
UNLOCK TABLES;

--
-- Table structure for table `board_image`
--

DROP TABLE IF EXISTS `board_image`;
/*!40101 SET @saved_cs_client     = @@character_set_client */;
/*!50503 SET character_set_client = utf8mb4 */;
CREATE TABLE `board_image` (
  `board_image_id` bigint NOT NULL AUTO_INCREMENT,
  `board_image_path` varchar(255) NOT NULL,
  `board_board_id` bigint DEFAULT NULL,
  PRIMARY KEY (`board_image_id`),
  KEY `FK7v630eol4dnvolwhxffmr29g1` (`board_board_id`),
  CONSTRAINT `FK7v630eol4dnvolwhxffmr29g1` FOREIGN KEY (`board_board_id`) REFERENCES `board` (`board_id`)
) ENGINE=InnoDB DEFAULT CHARSET=utf8mb4 COLLATE=utf8mb4_0900_ai_ci;
/*!40101 SET character_set_client = @saved_cs_client */;

--
-- Dumping data for table `board_image`
--

LOCK TABLES `board_image` WRITE;
/*!40000 ALTER TABLE `board_image` DISABLE KEYS */;
/*!40000 ALTER TABLE `board_image` ENABLE KEYS */;
UNLOCK TABLES;

--
-- Table structure for table `comment`
--

DROP TABLE IF EXISTS `comment`;
/*!40101 SET @saved_cs_client     = @@character_set_client */;
/*!50503 SET character_set_client = utf8mb4 */;
CREATE TABLE `comment` (
  `comment_id` bigint NOT NULL AUTO_INCREMENT,
  `comment_content` varchar(255) NOT NULL,
  `comment_user_id` bigint NOT NULL,
  `create_time` datetime(6) DEFAULT NULL,
  `update_time` datetime(6) DEFAULT NULL,
  `board_id` bigint DEFAULT NULL,
  PRIMARY KEY (`comment_id`),
  KEY `FKlij9oor1nav89jeat35s6kbp1` (`board_id`),
  CONSTRAINT `FKlij9oor1nav89jeat35s6kbp1` FOREIGN KEY (`board_id`) REFERENCES `board` (`board_id`)
) ENGINE=InnoDB AUTO_INCREMENT=263 DEFAULT CHARSET=utf8mb4 COLLATE=utf8mb4_0900_ai_ci;
/*!40101 SET character_set_client = @saved_cs_client */;

--
-- Dumping data for table `comment`
--

LOCK TABLES `comment` WRITE;
/*!40000 ALTER TABLE `comment` DISABLE KEYS */;
INSERT INTO `comment` VALUES (255,'저건 꿔바로우가 아니라 국밥이잖아요...',56,'2022-11-20 19:09:08.609101',NULL,124),(256,'좋은 정보 감사해요~',26,'2022-11-20 20:13:50.962481',NULL,132);
/*!40000 ALTER TABLE `comment` ENABLE KEYS */;
UNLOCK TABLES;

--
-- Table structure for table `drawing`
--

DROP TABLE IF EXISTS `drawing`;
/*!40101 SET @saved_cs_client     = @@character_set_client */;
/*!50503 SET character_set_client = utf8mb4 */;
CREATE TABLE `drawing` (
  `drawing_id` bigint NOT NULL AUTO_INCREMENT,
  `create_time` date DEFAULT NULL,
  `drawing_diary` longtext,
  `drawing_image_path` varchar(1000) NOT NULL,
  `drawing_title` varchar(40) NOT NULL,
  `emotion_angry` float DEFAULT NULL,
  `emotion_happy` float DEFAULT NULL,
  `emotion_sad` float DEFAULT NULL,
  `is_diary` bit(1) NOT NULL,
  `is_like` bit(1) NOT NULL,
  `drawing_box_id` bigint DEFAULT NULL,
  `drawing_diary_feeling` int DEFAULT NULL,
  `drawing_diary_sleep` datetime(6) DEFAULT NULL,
  `drawing_diary_wake_up` datetime(6) DEFAULT NULL,
  `drawing_diary_weather` int DEFAULT NULL,
  PRIMARY KEY (`drawing_id`),
  KEY `FKrm61x0ljwb4eyp94nc3t64mu8` (`drawing_box_id`),
  CONSTRAINT `FKrm61x0ljwb4eyp94nc3t64mu8` FOREIGN KEY (`drawing_box_id`) REFERENCES `drawing_box` (`drawing_box_id`)
) ENGINE=InnoDB AUTO_INCREMENT=315 DEFAULT CHARSET=utf8mb4 COLLATE=utf8mb4_0900_ai_ci;
/*!40101 SET character_set_client = @saved_cs_client */;

--
-- Dumping data for table `drawing`
--

LOCK TABLES `drawing` WRITE;
/*!40000 ALTER TABLE `drawing` DISABLE KEYS */;
INSERT INTO `drawing` VALUES (67,'2022-11-07','재밌다','https://geurime-a506.s3.ap-northeast-2.amazonaws.com/static/4ad7d3f0-d8e6-4ff9-a0d1-2adc7966c79f%5Chome%5Cubuntu%5Cstatic%5C%EC%A7%91.jpg','재밋는날',0.55523,0.444378,0.000392605,_binary '',_binary '\0',93,0,'2022-11-07 22:00:00.000000','2022-11-07 08:00:00.000000',0),(68,'2022-11-07','','https://geurime-a506.s3.ap-northeast-2.amazonaws.com/static/7be0f590-f8af-4398-b7ff-217fcf600e10%5Chome%5Cubuntu%5Cstatic%5C20221026_120518.jpg','ㅇㅇ',0.228329,0.299844,0.471827,_binary '',_binary '\0',93,0,'2022-11-07 22:00:00.000000','2022-11-07 08:00:00.000000',0),(69,'2022-11-07','','https://geurime-a506.s3.ap-northeast-2.amazonaws.com/static/11140787-249a-4d5d-ab3a-ade734934ad9%5Chome%5Cubuntu%5Cstatic%5Cistockphoto-1247083162-1024x1024.jpg','재밋는날',0.698192,0.287787,0.0140205,_binary '',_binary '\0',93,0,'2022-11-07 22:00:00.000000','2022-11-07 08:00:00.000000',0),(70,'2022-11-07','','https://geurime-a506.s3.ap-northeast-2.amazonaws.com/static/12f59a8f-efb8-49f7-94a2-ec5b04ff5de5%5Chome%5Cubuntu%5Cstatic%5Cistockphoto-855083714-1024x1024.jpg','ㄷㅇ',0.237975,0.278511,0.483514,_binary '',_binary '',93,0,'2022-11-07 22:00:00.000000','2022-11-07 08:00:00.000000',0),(71,'2022-11-07','','https://geurime-a506.s3.ap-northeast-2.amazonaws.com/static/49bdf012-f9b4-4c87-9586-729c61e86863%5Chome%5Cubuntu%5Cstatic%5C%EC%A0%9C%EB%AA%A9%20%EC%97%86%EC%9D%8C.png','ㅇㅇ',0.111516,0.494933,0.393551,_binary '',_binary '\0',93,0,'2022-11-07 22:00:00.000000','2022-11-07 08:00:00.000000',0),(72,'2022-11-07','','https://geurime-a506.s3.ap-northeast-2.amazonaws.com/static/22dc9517-9f78-48a2-a40d-899094955e1e%5Chome%5Cubuntu%5Cstatic%5C%EC%8A%AC%ED%8D%BC.png','슬퍼',0.235271,0.264292,0.500437,_binary '',_binary '\0',93,0,'2022-11-07 22:00:00.000000','2022-11-07 08:00:00.000000',0),(96,'2022-11-08','','https://geurime-a506.s3.ap-northeast-2.amazonaws.com/static/4cee681a-983e-40d8-ba86-1446fed7fac5%5Chome%5Cubuntu%5Cstatic%5Cimage.png','재밋어',0.0695355,0.198721,0.731744,_binary '',_binary '\0',93,0,'2022-11-08 22:00:00.000000','2022-11-08 08:00:00.000000',0),(97,'2022-11-08','오늘은 너무 재미있는 ㄴ라이였다.','https://geurime-a506.s3.ap-northeast-2.amazonaws.com/static/1d822b4b-1369-4c93-8d62-33b1b73cd599%5Chome%5Cubuntu%5Cstatic%5Cimage.png','재밋는날',0.0866997,0.66688,0.24642,_binary '',_binary '\0',93,0,'2022-11-08 22:00:00.000000','2022-11-08 08:00:00.000000',0),(98,'2022-11-08','','https://geurime-a506.s3.ap-northeast-2.amazonaws.com/static/795fd366-765f-4184-85bd-3bea7f6b4750%5Chome%5Cubuntu%5Cstatic%5Cimage.png','재밋는날',0.111339,0.290981,0.597679,_binary '',_binary '\0',94,NULL,'2022-11-08 22:00:00.000000','2022-11-08 08:00:00.000000',NULL),(99,'2022-11-09',NULL,'https://geurime-a506.s3.ap-northeast-2.amazonaws.com/static/bb6fc8a2-edd1-4159-a24b-d0cbc3585831%5Chome%5Cubuntu%5Cstatic%5Cimage.png','신나는 옴팡이',0.100012,0.29986,0.600128,_binary '\0',_binary '\0',94,NULL,NULL,NULL,NULL),(100,'2022-11-09',NULL,'https://geurime-a506.s3.ap-northeast-2.amazonaws.com/static/0f389df9-36df-4e8c-9534-b7651553f819%5Chome%5Cubuntu%5Cstatic%5Cimage.png','혼내는 옴팡이',0.102604,0.352015,0.545381,_binary '\0',_binary '\0',94,NULL,NULL,NULL,NULL),(101,'2022-11-09','말로 하면 써져 우와 우와 우와 띄어쓰기도 되네 대박이다 대박이다 우와','https://geurime-a506.s3.ap-northeast-2.amazonaws.com/static/4d889fba-d228-4071-b9fd-875d6b6a0fa0%5Chome%5Cubuntu%5Cstatic%5Cimage.png','우와~~~~~~!!!',0.112369,0.395696,0.491935,_binary '',_binary '\0',94,0,'2022-11-09 23:00:00.000000','2022-11-09 08:00:00.000000',0),(102,'2022-11-09','ddd','https://geurime-a506.s3.ap-northeast-2.amazonaws.com/static/29647dcb-41cc-452a-9bd3-ded7fb42627c%5Chome%5Cubuntu%5Cstatic%5Cimage.png','재밋는날',0.334433,0.0328564,0.63271,_binary '',_binary '\0',93,0,'2022-11-09 22:00:00.000000','2022-11-09 08:00:00.000000',0),(103,'2022-11-09','ㄴㅇㄹㄴ','https://geurime-a506.s3.ap-northeast-2.amazonaws.com/static/29a14aa3-b7c4-4fad-9a3a-4dfb9a10c637%5Chome%5Cubuntu%5Cstatic%5Cimage.png','ㄴㄴㄴㄴㄴㄴㅇ',0.334433,0.0328564,0.63271,_binary '',_binary '\0',93,0,'2022-11-09 22:00:00.000000','2022-11-09 08:00:00.000000',0),(104,'2022-11-09',NULL,'https://geurime-a506.s3.ap-northeast-2.amazonaws.com/static/8ccb29f4-54f6-40f2-8a90-cfbf2dc26a6d%5Chome%5Cubuntu%5Cstatic%5Cimage.png','ddd',0.325816,0.334089,0.340095,_binary '\0',_binary '',92,NULL,NULL,NULL,NULL),(112,'2022-11-09',NULL,'https://geurime-a506.s3.ap-northeast-2.amazonaws.com/static/309d4307-4c3f-4080-b48d-610774a816c5%5Chome%5Cubuntu%5Cstatic%5Cimage.png','오늘도 꿀을 빠랐따',0.281993,0.43404,0.283967,_binary '\0',_binary '\0',132,NULL,NULL,NULL,NULL),(113,'2022-11-02','꿀을빠는데 윤하가 자꾸 서버를 로컬로 바꿔서 혼내줬다. 너무 뿌듯한 하루여따','https://geurime-a506.s3.ap-northeast-2.amazonaws.com/static/dfb52cf7-3eef-4a04-93b6-f36283211f50%5Chome%5Cubuntu%5Cstatic%5Cimage.png','윤하를 혼내준날',0.361369,0.0824865,0.556144,_binary '',_binary '\0',133,0,'2022-11-02 22:00:00.000000','2022-11-02 08:00:00.000000',2),(114,'2022-11-09','오늘은 닭가슴살을 먹고 운동을 열시미 해따 기분이굿','https://geurime-a506.s3.ap-northeast-2.amazonaws.com/static/d4f8acae-c63d-40e4-b41b-6bf0abf41773%5Chome%5Cubuntu%5Cstatic%5Cimage.png','하위',0.350354,0.167801,0.481845,_binary '',_binary '\0',133,1,'2022-11-09 22:00:00.000000','2022-11-09 08:00:00.000000',2),(116,'2022-11-09',NULL,'https://geurime-a506.s3.ap-northeast-2.amazonaws.com/static/621ceb3d-7be7-4ad5-ae11-aaf3410ea15b%5Chome%5Cubuntu%5Cstatic%5Cimage.png','aaaa',0.106525,0.808146,0.0853288,_binary '\0',_binary '\0',92,NULL,NULL,NULL,NULL),(117,'2022-11-09',NULL,'https://geurime-a506.s3.ap-northeast-2.amazonaws.com/static/8c69dc8f-052d-41bb-b85a-04532781152b%5Chome%5Cubuntu%5Cstatic%5Cimage.png','1212',0.103534,0.820634,0.0758316,_binary '\0',_binary '\0',92,NULL,NULL,NULL,NULL),(118,'2022-11-10',NULL,'https://geurime-a506.s3.ap-northeast-2.amazonaws.com/static/6a311b3a-b1c2-4e9c-8829-839fdbca8cac%5Chome%5Cubuntu%5Cstatic%5Cimage.png','그림 수정 한다',0.18156,0.653894,0.164546,_binary '\0',_binary '',136,NULL,NULL,NULL,NULL),(119,'2022-11-10','ssss','https://geurime-a506.s3.ap-northeast-2.amazonaws.com/static/cdb2aa63-6a4b-485d-9a6e-d9927d45328a%5Chome%5Cubuntu%5Cstatic%5C3.png','재밋는날',NULL,NULL,NULL,_binary '',_binary '\0',93,0,'2022-11-10 22:00:00.000000','2022-11-10 08:00:00.000000',1),(120,'2022-11-10','','https://geurime-a506.s3.ap-northeast-2.amazonaws.com/static/639f537b-7b94-4aeb-95bf-b304a77ea8d5%5Chome%5Cubuntu%5Cstatic%5Cdata-uri.png','aa',0.375972,0.0741418,0.549886,_binary '',_binary '\0',93,0,'2022-11-10 22:00:00.000000','2022-11-10 08:00:00.000000',0),(121,'2022-11-10','','https://geurime-a506.s3.ap-northeast-2.amazonaws.com/static/be1917fc-ba9a-4135-8743-7242a06c5cc1%5Chome%5Cubuntu%5Cstatic%5Cdata-uri.png','재밋는날',0.304758,0.302801,0.392442,_binary '',_binary '\0',93,0,'2022-11-10 22:00:00.000000','2022-11-10 08:00:00.000000',0),(122,'2022-11-10','','https://geurime-a506.s3.ap-northeast-2.amazonaws.com/static/f8d5c629-917a-4635-83af-392bead08141%5Chome%5Cubuntu%5Cstatic%5Cimage.png','asd',0.345393,0.253163,0.401444,_binary '',_binary '\0',93,2,'2022-11-10 22:00:00.000000','2022-11-10 08:00:00.000000',1),(123,'2022-11-10','','https://geurime-a506.s3.ap-northeast-2.amazonaws.com/static/696fe460-7b23-439b-820d-8afbf637cb58%5Chome%5Cubuntu%5Cstatic%5C0.png','재밋는날',NULL,NULL,NULL,_binary '',_binary '\0',93,0,'2022-11-10 22:00:00.000000','2022-11-10 08:00:00.000000',0),(124,'2022-10-09','','https://geurime-a506.s3.ap-northeast-2.amazonaws.com/static/13ab7118-f7e4-42b1-9719-2d6673ad397b%5Chome%5Cubuntu%5Cstatic%5C1.png','재밋는날',0.305496,0.515706,0.178797,_binary '',_binary '\0',93,0,'2022-10-09 22:00:00.000000','2022-10-09 08:00:00.000000',0),(125,'2022-11-10','','https://geurime-a506.s3.ap-northeast-2.amazonaws.com/static/bc2ebd0e-b3ce-4f94-95b9-b283d7e365e5%5Chome%5Cubuntu%5Cstatic%5Cimage.png','ㅎㅇ',0.319598,0.488748,0.191653,_binary '',_binary '\0',95,NULL,'2022-11-10 22:00:00.000000','2022-11-10 08:00:00.000000',NULL),(127,'2022-11-10','ㅁㄴㅇ','https://geurime-a506.s3.ap-northeast-2.amazonaws.com/static/4ce1a13b-a706-4797-9d33-f1f54363c6b6%5Chome%5Cubuntu%5Cstatic%5Cimage.png','ㅁㅁㅁ',0.34247,0.219098,0.438431,_binary '',_binary '\0',133,2,'2022-11-10 22:00:00.000000','2022-11-10 08:00:00.000000',2),(128,'2022-11-10','ㄷㄳㄷㄳㄷㄱ','https://geurime-a506.s3.ap-northeast-2.amazonaws.com/static/500f9640-4cf5-43db-9ca4-92253e9fd048%5Chome%5Cubuntu%5Cstatic%5Cimage.png','ㄷㄱㅈㄷㄱㄷㅈ',0.433545,0.101393,0.465062,_binary '',_binary '\0',133,2,'2022-11-10 22:00:00.000000','2022-11-10 08:00:00.000000',2),(129,'2022-11-11','ㄴㅁㄴㅇ','https://geurime-a506.s3.ap-northeast-2.amazonaws.com/static/41a21459-5e87-4b47-ac66-189e58deba32%5Chome%5Cubuntu%5Cstatic%5C3.png','재밋는날',NULL,NULL,NULL,_binary '',_binary '\0',93,0,'2022-11-11 22:00:00.000000','2022-11-11 08:00:00.000000',0),(130,'2022-11-11','ㄴㅁㄴㅇ','https://geurime-a506.s3.ap-northeast-2.amazonaws.com/static/626a3210-28f9-4e6a-95af-ff8bf4134177%5Chome%5Cubuntu%5Cstatic%5CangryClicked.png','재밋는날',0.41463,0.202683,0.382686,_binary '',_binary '\0',93,1,'2022-11-11 22:00:00.000000','2022-11-11 08:00:00.000000',0),(131,'2022-11-11','','https://geurime-a506.s3.ap-northeast-2.amazonaws.com/static/c8245a5d-8bd6-4eb3-9485-61c3913d12bf%5Chome%5Cubuntu%5Cstatic%5Clion.jpg','재밋는날',0.179521,0.755589,0.06489,_binary '',_binary '\0',93,0,'2022-11-11 22:00:00.000000','2022-11-11 08:00:00.000000',0),(132,'2022-11-11',NULL,'https://geurime-a506.s3.ap-northeast-2.amazonaws.com/static/58540d99-c338-42e7-bf3a-ffb95129ed90%5Chome%5Cubuntu%5Cstatic%5Cimage.png','ssss',0.165201,0.687476,0.147323,_binary '\0',_binary '\0',92,NULL,NULL,NULL,NULL),(133,'2022-11-11','alsdkfjaseijfalsekfjaisefalsdkfjaseijfalsekfjaisefalsdkfjaseijfalsekfjaisefalsdkfjaseijfalsekfjaisefalsdkfjaseijfalsekfjaisefalsdkfjaseijfalsekfjaisefalsdkfjaseijfalsekfjaisefalsdkfjaseijfalsekfjaisefalsdkfjaseijfalsekfjaisefalsdkfjaseijfalsekfjaisefalsdkfjaseijfalsekfjaisefalsdkfjaseijfalsekfjaisefalsdkfjaseijfalsekfjaisefalsdkfjaseijfalsekfjaisefalsdkfjaseijfalsekfjaisefalsdkfjaseijfalsekfjaisefalsdkfjaseijfalsekfjaisefalsdkfjaseijfalsekfjaisefalsdkfjaseijfalsekfjaisefalsdkfjaseijfalsekfjaisefalsdkfjaseijfalsekfjaisefalsdkfjaseijfalsekfjaisefalsdkfjaseijfalsekfjaisefalsdkfjaseijfalsekfjaisefalsdkfjaseijfalsekfjaisefalsdkfjaseijfalsekfjaisefalsdkfjaseijfalsekfjaisefalsdkfjaseijfalsekfjaisefalsdkfjaseijfalsekfjaisef','https://geurime-a506.s3.ap-northeast-2.amazonaws.com/static/6d28a836-4dbe-4a34-8289-c5d5a654d36f%5Chome%5Cubuntu%5Cstatic%5C0.png','재밋는날',NULL,NULL,NULL,_binary '',_binary '\0',93,0,'2022-11-11 22:00:00.000000','2022-11-11 08:00:00.000000',0),(134,'2022-11-11','오늘은 즐거운 날이다.오늘은 즐거운 날이다.오늘은 즐거운 날이다.오늘은 즐거운 날이다.오늘은 즐거운 날이다.오늘은 즐거운 날이다.오늘은 즐거운 날이다.오늘은 즐거운 날이다.오늘은 즐거운 날이다.오늘은 즐거운 날이다.오늘은 즐거운 날이다.','https://geurime-a506.s3.ap-northeast-2.amazonaws.com/static/0a5da889-b520-4aa7-9260-b64620572c71%5Chome%5Cubuntu%5Cstatic%5CcloudyClicked.png','재밋어',0.13471,0.752256,0.113034,_binary '',_binary '\0',93,0,'2022-11-11 22:00:00.000000','2022-11-11 08:00:00.000000',0),(135,'2022-11-11','오늘은 즐거운 날이다.오늘은 즐거운 날이다.오늘은 즐거운 날이다.오늘은 즐거운 날이다.오늘은 즐거운 날이다.오늘은 즐거운 날이다.오늘은 즐거운 날이다.오늘은 즐거운 날이다.오늘은 즐거운 날이다.오늘은 즐거운 날이다.오늘은 즐거운 날이다.오늘은 즐거운 날이다.오늘은 즐거운 날이다.오늘은 즐거운 날이다.오늘은 즐거운 날이다.오늘은 즐거운 날이다.오늘은 즐거운 날이다.오늘은 즐거운 날이다.오늘은 즐거운 날이다.오늘은 즐거운 날이다.오늘은 즐거운 날이다.오늘은 즐거운 날이다.오늘은 즐거운 날이다.오늘은 즐거운 날이다.오늘은 즐거운 날이다.오늘은 즐거운 날이다.오늘은 즐거운 날이다.오늘은 즐거운 날이다.오늘은 즐거운 날이다.오늘은 즐거운 날이다.오늘은 즐거운 날이다.','https://geurime-a506.s3.ap-northeast-2.amazonaws.com/static/04736d3f-4362-41cb-8099-24458750cf0a%5Chome%5Cubuntu%5Cstatic%5CcloudyClicked.png','재밋는날',0.13471,0.752256,0.113034,_binary '',_binary '\0',93,0,'2022-11-11 22:00:00.000000','2022-11-11 08:00:00.000000',0),(136,'2022-11-11','띄어쓰기가업는건가이건가이거야띄어쓰기가업는건가이건가이거야띄어쓰기가업는건가이건가이거야띄어쓰기가업는건가이건가이거야띄어쓰기가업는건가이건가이거야띄어쓰기가업는건가이건가이거야띄어쓰기가업는건가이건가이거야띄어쓰기가업는건가이건가이거야띄어쓰기가업는건가이건가이거야띄어쓰기가업는건가이건가이거야띄어쓰기가업는건가이건가이거야띄어쓰기가업는건가이건가이거야띄어쓰기가업는건가이건가이거야띄어쓰기가업는건가이건가이거야띄어쓰기가업는건가이건가이거야띄어쓰기가업는건가이건가이거야띄어쓰기가업는건가이건가이거야띄어쓰기가업는건가이건가이거야띄어쓰기가업는건가이건가이거야띄어쓰기가업는건가이건가이거야띄어쓰기가업는건가이건가이거야띄어쓰기가업는건가이건가이거야띄어쓰기가업는건가이건가이거야띄어쓰기가업는건가이건가이거야','https://geurime-a506.s3.ap-northeast-2.amazonaws.com/static/708200d0-befb-46b6-9c72-f70c20aa4626%5Chome%5Cubuntu%5Cstatic%5CcloudyClicked.png','',0.13471,0.752256,0.113034,_binary '',_binary '',136,NULL,'2022-11-11 22:00:00.000000','2022-11-11 08:00:00.000000',NULL),(137,'2022-11-11',NULL,'https://geurime-a506.s3.ap-northeast-2.amazonaws.com/static/cdcb4ca0-810c-4128-822e-7098cf726a65%5Chome%5Cubuntu%5Cstatic%5Cimage.png','aaa',0.18156,0.653894,0.164546,_binary '\0',_binary '\0',117,NULL,NULL,NULL,NULL),(138,'2022-11-11',NULL,'https://geurime-a506.s3.ap-northeast-2.amazonaws.com/static/323f696f-2d92-4776-ab38-d5136cb73176%5Chome%5Cubuntu%5Cstatic%5Cimage.png','gse',0.106525,0.808146,0.0853288,_binary '\0',_binary '\0',117,NULL,NULL,NULL,NULL),(139,'2022-11-11',NULL,'https://geurime-a506.s3.ap-northeast-2.amazonaws.com/static/78b551b6-3071-4fcd-9e6e-25272c234a93%5Chome%5Cubuntu%5Cstatic%5Cimage.png','',0.587977,0.122998,0.289025,_binary '\0',_binary '\0',132,NULL,NULL,NULL,NULL),(146,'2022-11-11',NULL,'https://geurime-a506.s3.ap-northeast-2.amazonaws.com/static/b1ccbf07-b614-4259-b356-ca735a66c7d1%5Chome%5Cubuntu%5Cstatic%5Cimage.png','벌써3년정도지난그림1',NULL,NULL,NULL,_binary '\0',_binary '\0',186,NULL,NULL,NULL,NULL),(147,'2022-11-11','오늘은 빼빼로, 젓가락, 가래떡 등등 여러가지 OO데이라 불리우는 날이다','https://geurime-a506.s3.ap-northeast-2.amazonaws.com/static/16f28c0e-0df6-4b35-8099-3d039fe09ac9%5Chome%5Cubuntu%5Cstatic%5Cimg20200228_21372543.jpg','벌써3년정도지난그림2 리바이벌',0.357037,0.276196,0.366767,_binary '',_binary '\0',187,0,'2022-11-11 23:00:00.000000','2022-11-11 07:35:00.000000',0),(149,'2022-11-11','','https://geurime-a506.s3.ap-northeast-2.amazonaws.com/static/34a73446-7864-4321-b0cb-4939cf5c8de6%5Chome%5Cubuntu%5Cstatic%5CangryClicked.png','재밋는날',0.41463,0.202683,0.382686,_binary '',_binary '\0',93,NULL,'2022-11-11 22:00:00.000000','2022-11-11 08:00:00.000000',NULL),(150,'2022-11-11','ㅋㅋㅋㅋ','https://geurime-a506.s3.ap-northeast-2.amazonaws.com/static/4f8a5b8d-d2ee-4a4c-8a57-b37bcfad6986%5Chome%5Cubuntu%5Cstatic%5C%EB%9D%BC%EC%9D%B4%EC%96%B8%EC%97%84%EC%A7%80.gif','그림은 사진으로 찍기 안되나!?!',0.106456,0.831446,0.0620983,_binary '',_binary '\0',177,2,'2022-11-11 22:00:00.000000','2022-11-11 08:00:00.000000',2),(160,'2022-11-08','AI가 생각보다 잘 안 된다','https://geurime-a506.s3.ap-northeast-2.amazonaws.com/static/625888de-f21d-4b6e-a322-02e13d62afa9%5Chome%5Cubuntu%5Cstatic%5Cimage.png','ai',0.366666,0.156957,0.476376,_binary '',_binary '\0',195,0,'2022-11-08 22:00:00.000000','2022-11-08 08:00:00.000000',1),(164,'2022-11-11',NULL,'https://geurime-a506.s3.ap-northeast-2.amazonaws.com/static/72024aaa-12a9-4e54-9153-badbeeff18a5%5Chome%5Cubuntu%5Cstatic%5Cimage.png','꽃밭',0.0944607,0.831167,0.0743725,_binary '\0',_binary '',188,NULL,NULL,NULL,NULL),(165,'2022-11-11',NULL,'https://geurime-a506.s3.ap-northeast-2.amazonaws.com/static/45bef0e2-eaca-4ee7-b522-41674752fee0%5Chome%5Cubuntu%5Cstatic%5Cimage.png','드라이브',0.241638,0.567169,0.191193,_binary '\0',_binary '',188,NULL,NULL,NULL,NULL),(166,'2022-11-07','아','https://geurime-a506.s3.ap-northeast-2.amazonaws.com/static/7a7d3c7e-4de1-4f8b-9b72-74e38facca9b%5Chome%5Cubuntu%5Cstatic%5Cimage.png','아',0.36201,0.118028,0.519961,_binary '',_binary '\0',195,1,'2022-11-07 22:00:00.000000','2022-11-07 08:00:00.000000',1),(167,'2022-11-11',NULL,'https://geurime-a506.s3.ap-northeast-2.amazonaws.com/static/af5814c5-5c49-4c90-be6f-99e196925047%5Chome%5Cubuntu%5Cstatic%5Cimage.png','쥬라기공원',0.462475,0.0678,0.469725,_binary '\0',_binary '\0',188,NULL,NULL,NULL,NULL),(168,'2022-11-01','학교에서 장기자랑을 했다. 떨렸지만 연습을 많이 해서 실수를 하지 않았다. 너무 재미있었다.','https://geurime-a506.s3.ap-northeast-2.amazonaws.com/static/525076c0-4e74-416e-864b-73339faec4fe%5Chome%5Cubuntu%5Cstatic%5CKakaoTalk_20221019_172007244_10.jpg','학교 장기자랑',0.28786,0.370529,0.341611,_binary '',_binary '\0',189,0,'2022-11-01 22:00:00.000000','2022-11-01 08:00:00.000000',1),(169,'2022-11-11',NULL,'https://geurime-a506.s3.ap-northeast-2.amazonaws.com/static/12651bbd-51be-4de3-8aeb-bc83d2b2c30c%5Chome%5Cubuntu%5Cstatic%5Cimage.png','우리집',0.327556,0.0310959,0.641348,_binary '\0',_binary '\0',190,NULL,NULL,NULL,NULL),(170,'2022-11-11',NULL,'https://geurime-a506.s3.ap-northeast-2.amazonaws.com/static/7bd6bdb8-176c-4959-93de-bd51dea9a78c%5Chome%5Cubuntu%5Cstatic%5Cimage.png','엄마아빠',0.323042,0.0192942,0.657664,_binary '\0',_binary '\0',190,NULL,NULL,NULL,NULL),(173,'2022-11-11','gdgd','https://geurime-a506.s3.ap-northeast-2.amazonaws.com/static/a74570a1-5842-44df-b2d3-cebbba9a2e40%5Chome%5Cubuntu%5Cstatic%5C31716685.jpg','fff',0.104477,0.819106,0.0764168,_binary '',_binary '\0',93,1,'2022-11-11 22:00:00.000000','2022-11-11 08:00:00.000000',2),(174,'2022-11-11','ddd','https://geurime-a506.s3.ap-northeast-2.amazonaws.com/static/6496fdfe-a280-48a8-b295-f6179f924388%5Chome%5Cubuntu%5Cstatic%5CKakaoTalk_20221020_093852561.png','dgd',0.776662,0.113868,0.10947,_binary '',_binary '\0',93,2,'2022-11-11 22:00:00.000000','2022-11-11 08:00:00.000000',3),(175,'2022-11-11','화평이 형','https://geurime-a506.s3.ap-northeast-2.amazonaws.com/static/9ce64f2e-e94b-4937-ab10-c965661f8e57%5Chome%5Cubuntu%5Cstatic%5Cimage.png','하평이형',0.334433,0.0328564,0.63271,_binary '',_binary '\0',195,0,'2022-11-11 22:00:00.000000','2022-11-11 08:00:00.000000',1),(176,'2022-11-11','','https://geurime-a506.s3.ap-northeast-2.amazonaws.com/static/a72cfe7e-1195-4db0-8e7f-c60ee42b9e8b%5Chome%5Cubuntu%5Cstatic%5CKakaoTalk_20221020_093852561.png','gdgd',0.776662,0.113868,0.10947,_binary '',_binary '\0',93,2,'2022-11-11 22:00:00.000000','2022-11-11 08:00:00.000000',2),(177,'2022-11-11','','https://geurime-a506.s3.ap-northeast-2.amazonaws.com/static/80ed8450-13e8-4a0f-957c-9a36371a4a23%5Chome%5Cubuntu%5Cstatic%5CKakaoTalk_20221020_093852561.png','gdgdg',0.776662,0.113868,0.10947,_binary '',_binary '\0',93,1,'2022-11-11 22:00:00.000000','2022-11-11 08:00:00.000000',2),(178,'2022-11-11','gdgd','https://geurime-a506.s3.ap-northeast-2.amazonaws.com/static/2cc33583-2ca0-4848-8968-53c8ade5eab6%5Chome%5Cubuntu%5Cstatic%5C31716685.jpg','gddd',0.104477,0.819106,0.0764168,_binary '',_binary '\0',93,2,'2022-11-11 22:00:00.000000','2022-11-11 08:00:00.000000',2),(179,'2022-11-11','gg','https://geurime-a506.s3.ap-northeast-2.amazonaws.com/static/48fae5fa-b25e-4b1c-9486-2cec0580f1ca%5Chome%5Cubuntu%5Cstatic%5CKakaoTalk_20221020_093852561.png','dd',0.776662,0.113868,0.10947,_binary '',_binary '\0',93,2,'2022-11-11 22:00:00.000000','2022-11-11 08:00:00.000000',2),(180,'2022-11-11','ggg','https://geurime-a506.s3.ap-northeast-2.amazonaws.com/static/721e9325-5ef5-4797-8c48-5e430048b221%5Chome%5Cubuntu%5Cstatic%5CKakaoTalk_20221020_093852561.png','gdgd',0.776662,0.113868,0.10947,_binary '',_binary '\0',93,2,'2022-11-11 22:00:00.000000','2022-11-11 08:00:00.000000',2),(181,'2022-11-11','dd','https://geurime-a506.s3.ap-northeast-2.amazonaws.com/static/70fd0922-5c1f-4d34-b57b-740c91026a07%5Chome%5Cubuntu%5Cstatic%5CKakaoTalk_20221020_093852561.png','gg',0.776662,0.113868,0.10947,_binary '',_binary '\0',93,2,'2022-11-11 22:00:00.000000','2022-11-11 08:00:00.000000',2),(182,'2022-11-11','dd','https://geurime-a506.s3.ap-northeast-2.amazonaws.com/static/e100d02d-c766-4b20-aa55-66c740f1025a%5Chome%5Cubuntu%5Cstatic%5CKakaoTalk_20221020_093852561.png','gd',0.776662,0.113868,0.10947,_binary '',_binary '\0',93,2,'2022-11-11 22:00:00.000000','2022-11-11 08:00:00.000000',2),(183,'2022-11-11','ㅇㅇㅇㅇ','https://geurime-a506.s3.ap-northeast-2.amazonaws.com/static/5602c035-7216-48ad-b5a3-9d45e79be645%5Chome%5Cubuntu%5Cstatic%5C31716685.jpg','ㅎㅇㅎㅇ',0.104477,0.819106,0.0764168,_binary '',_binary '\0',93,2,'2022-11-11 22:00:00.000000','2022-11-11 08:00:00.000000',3),(184,'2022-11-11','ㅎㅎㅎ','https://geurime-a506.s3.ap-northeast-2.amazonaws.com/static/1a8006f6-d1f2-47c1-ac92-b2fe835f6363%5Chome%5Cubuntu%5Cstatic%5C31716685.jpg','ㅎㅇㅎㅇ',0.104477,0.819106,0.0764168,_binary '',_binary '\0',93,3,'2022-11-11 22:00:00.000000','2022-11-11 08:00:00.000000',1),(185,'2022-11-11','ㅇㅇ','https://geurime-a506.s3.ap-northeast-2.amazonaws.com/static/3e309094-e287-4863-aff1-2b91e6981a4a%5Chome%5Cubuntu%5Cstatic%5C31716685.jpg','ㅇㅇ',0.104477,0.819106,0.0764168,_binary '',_binary '\0',93,2,'2022-11-11 22:00:00.000000','2022-11-11 08:00:00.000000',3),(186,'2022-11-11','ㄴㄴ','https://geurime-a506.s3.ap-northeast-2.amazonaws.com/static/118a160c-9301-408b-b9db-e9610e504fb6%5Chome%5Cubuntu%5Cstatic%5CcroppedImage.png','그림일기 수정이 안돼요',0.298892,0.333528,0.36758,_binary '',_binary '\0',92,0,'2022-11-11 22:00:00.000000','2022-11-11 08:00:00.000000',0),(187,'2022-11-11','ㄴㄴ','https://geurime-a506.s3.ap-northeast-2.amazonaws.com/static/c57fab91-d5e9-42d7-baca-ca7f263af322%5Chome%5Cubuntu%5Cstatic%5CcroppedImage.png','그림일기 수정한닷',0.366113,0.0715795,0.562307,_binary '',_binary '\0',92,NULL,'2022-11-11 22:00:00.000000','2022-11-11 08:00:00.000000',NULL),(188,'2022-11-11','ㅎㅇㅎ','https://geurime-a506.s3.ap-northeast-2.amazonaws.com/static/7c2d2ba1-be75-4704-b0b7-f4d4ce8be68b%5Chome%5Cubuntu%5Cstatic%5C31716685.jpg','ㅇㅇ',0.104477,0.819106,0.0764168,_binary '',_binary '\0',93,2,'2022-11-11 22:00:00.000000','2022-11-11 08:00:00.000000',1),(189,'2022-11-11','ㅁㅎㅇㄹ','https://geurime-a506.s3.ap-northeast-2.amazonaws.com/static/4988828f-e56e-4ac9-9fdd-4b271de051f2%5Chome%5Cubuntu%5Cstatic%5C31716685.jpg','ㅇㄴㅁㄹㅇㅁㄴ',0.104477,0.819106,0.0764168,_binary '',_binary '\0',93,2,'2022-11-11 22:00:00.000000','2022-11-11 08:00:00.000000',4),(192,'2022-11-11','','https://geurime-a506.s3.ap-northeast-2.amazonaws.com/static/18cd9eb6-7742-469e-893a-a2f8746e7e27%5Chome%5Cubuntu%5Cstatic%5Cimage.png','집',0.273985,0.402714,0.323301,_binary '',_binary '\0',133,2,'2022-11-11 22:00:00.000000','2022-11-11 08:00:00.000000',1),(193,'2022-11-11','','https://geurime-a506.s3.ap-northeast-2.amazonaws.com/static/d057f2a3-53e6-4998-aefb-cddcd654a6fa%5Chome%5Cubuntu%5Cstatic%5Cimage.png','dd',0.334433,0.0328564,0.63271,_binary '',_binary '\0',133,1,'2022-11-11 22:00:00.000000','2022-11-11 08:00:00.000000',1),(200,'2022-11-14','아아','https://geurime-a506.s3.ap-northeast-2.amazonaws.com/static/44861669-cb58-4e2d-9e7a-dd0bedb558e9%5Chome%5Cubuntu%5Cstatic%5CcroppedImage.png','조혜안이 가둬버린 댕댕이',0.348799,0.243515,0.407686,_binary '',_binary '\0',92,NULL,'2022-11-14 22:00:00.000000','2022-11-14 08:00:00.000000',NULL),(202,'2022-11-14','오늘은 아파서 온라인 수업을 들어따. 비대면은 역시 채고다.','https://geurime-a506.s3.ap-northeast-2.amazonaws.com/static/9d0415c0-2d1e-4bc2-b621-6fa703c43b8c%5Chome%5Cubuntu%5Cstatic%5Cimage.png','아파아파',0.358614,0.0561327,0.585253,_binary '',_binary '\0',92,1,'2022-11-14 22:00:00.000000','2022-11-14 08:00:00.000000',1),(205,'2022-11-05','오늘 엄마랑 아빠랑 에버랜드에 가기로 했는데 비가 와서 못 갓다. 저녁에 아빠가 엄마한테 소리 질렀다. 무서웠다.','https://geurime-a506.s3.ap-northeast-2.amazonaws.com/static/34586333-54ac-425c-bede-361a13b7708d%5Chome%5Cubuntu%5Cstatic%5CKakaoTalk_20221019_171936701_27.jpg','우리 가족',0.329938,0.0339447,0.636118,_binary '',_binary '\0',189,3,'2022-11-05 21:33:00.000000','2022-11-05 08:51:00.000000',2),(207,'2022-11-07','오늘 학교 끝나고 윤하 집에 놀러갔다. 집에 큰 달팽이를 키우고 있었다. 이름은 핑핑이라고 한다. 먹이를 먹는 모습이 귀여웠다.','https://geurime-a506.s3.ap-northeast-2.amazonaws.com/static/e303e02b-ccdc-4b1e-8a57-a9cc683ec25f%5Chome%5Cubuntu%5Cstatic%5CKakaoTalk_20221019_171947771_28.jpg','윤하네 달팽이',0.278504,0.531241,0.190255,_binary '',_binary '',189,0,'2022-11-07 22:45:00.000000','2022-11-07 07:50:00.000000',1),(209,'2022-11-12','오늘 가족들이랑 식물원에 놀러갔다. 식물원 안은 따뜻하고 이쁜 꽃들이 많았다. 작은 꽃도 샀다. 열심히 키워야지.','https://geurime-a506.s3.ap-northeast-2.amazonaws.com/static/4270745d-f0e0-4828-aa21-2437d1678c4f%5Chome%5Cubuntu%5Cstatic%5C%ED%99%94%EB%A9%B4%20%EC%BA%A1%EC%B2%98%202022-10-18%20161236.png','식물원 탐방',0.0923703,0.834818,0.0728119,_binary '',_binary '\0',189,0,'2022-11-12 23:00:00.000000','2022-11-12 09:00:00.000000',0),(210,'2022-11-13','오늘 뉴스에서 전쟁 얘기가 나왔다. 미사일을 쏘는 장면을 봤는데 신기했다. 우리 나라는 전쟁이 안 나면 좋겠다.','https://geurime-a506.s3.ap-northeast-2.amazonaws.com/static/cdc1e95e-b165-44e5-934f-d0e22f7377ee%5Chome%5Cubuntu%5Cstatic%5C%ED%99%94%EB%A9%B4%20%EC%BA%A1%EC%B2%98%202022-10-18%20161055.png','전쟁',0.776662,0.10947,0.113868,_binary '',_binary '\0',189,3,'2022-11-13 22:00:00.000000','2022-11-13 08:00:00.000000',0),(211,'2022-11-14',NULL,'https://geurime-a506.s3.ap-northeast-2.amazonaws.com/static/9614f0e6-e4ba-4975-9e45-672e3c17d7cd%5Chome%5Cubuntu%5Cstatic%5Cimage.png','슬픈 나',0.346715,0.0496955,0.603589,_binary '\0',_binary '\0',188,NULL,NULL,NULL,NULL),(212,'2022-11-11','오늘 빼빼로데이여서 친구들이 빼빼로를 줬다. 기분이 좋았다.','https://geurime-a506.s3.ap-northeast-2.amazonaws.com/static/b7b4480b-a6eb-4167-a658-ae84fbe56569%5Chome%5Cubuntu%5Cstatic%5Cimage.png','빼빼로',0.187065,0.616839,0.196096,_binary '',_binary '',191,0,'2022-11-11 22:00:00.000000','2022-11-11 08:00:00.000000',0),(213,'2022-11-14','놀지않고 일만하는 박윤하는 바보가 된다.놀지않고 일만하는 박윤하는 바보가 된다.놀지않고 일만하는 박윤하는 바보가 된다.놀지않고 일만하는 박윤하는 바보가 된다.놀지않고 일만하는 박윤하는 바보가 된다.놀지않고 일만하는 박윤하는 바보가 된다.놀지않고 일만하는 박윤하는 바보가 된다.놀지않고 일만하는 박윤하는 바보가 된다.놀지않고 일만하는 박윤하는 바보가 된다.놀지않고 일만하는 박윤하는 바보가 된다.놀지않고 일만하는 박윤하는 바보가 된다.놀지않고 일만하는 박윤하는 바보가 된다.놀지않고 일만하는 박윤하는 바보가 된다.놀지않고 일만하는 박윤하는 바보가 된다.놀지않고 일만하는 박윤하는 바보가 된다.놀지않고 일만하는 박윤하는 바보가 된다.놀지않고 일만하는 박윤하는 바보가 된다.놀지않고 일만하는 박윤하는 바보가 된다.','https://geurime-a506.s3.ap-northeast-2.amazonaws.com/static/93a7db4c-12da-40bb-b2b0-5ccd7a325623%5Chome%5Cubuntu%5Cstatic%5C39212100-6D34-4701-AF1F-985B650CCE6B.png','젭알ㄹ',0.244351,0.496674,0.258975,_binary '',_binary '\0',199,0,'2022-11-14 22:00:00.000000','2022-11-14 08:00:00.000000',0),(215,'2022-11-13','','https://geurime-a506.s3.ap-northeast-2.amazonaws.com/static/9e1b2fad-f8b4-4f46-86a7-cafd186b9c2d%5Chome%5Cubuntu%5Cstatic%5Cimage.png','그림일기수정',0.379,0.206655,0.414345,_binary '',_binary '\0',92,0,'2022-11-13 22:00:00.000000','2022-11-13 08:00:00.000000',1),(216,'2022-11-14','안녕하세요 한 번 더 오 신기하네','https://geurime-a506.s3.ap-northeast-2.amazonaws.com/static/93ab412f-0d6d-4201-a428-67fe8dc8fce2%5Chome%5Cubuntu%5Cstatic%5Cimage.png','집',0.285241,0.421899,0.29286,_binary '',_binary '\0',118,1,'2022-11-14 22:00:00.000000','2022-11-14 08:00:00.000000',1),(217,'2022-11-14',NULL,'https://geurime-a506.s3.ap-northeast-2.amazonaws.com/static/c8a1192a-d749-4c92-a9d9-af535b7c443d%5Chome%5Cubuntu%5Cstatic%5Cimage.png','할머니 댁',NULL,NULL,NULL,_binary '\0',_binary '',190,NULL,NULL,NULL,NULL),(218,'2022-11-14',NULL,'https://geurime-a506.s3.ap-northeast-2.amazonaws.com/static/e5d16af8-b879-4ecd-b4f8-1a13167fe4c5%5Chome%5Cubuntu%5Cstatic%5Cimage.png','보름달 토끼',0.067537,0.876812,0.055651,_binary '\0',_binary '\0',190,NULL,NULL,NULL,NULL),(219,'2022-10-31','오늘 학교에서 선생님이 사탕을 주셨다. 친구들과 사탕을 나눠 먹어서 좋았다. 할로윈 머리띠를 하고 온 친구도 있었다.','https://geurime-a506.s3.ap-northeast-2.amazonaws.com/static/71b62ace-05ba-470b-a2e1-d1bddbe2ecd7%5Chome%5Cubuntu%5Cstatic%5Cimage.png','할로윈',0.355465,0.470183,0.174352,_binary '',_binary '\0',191,0,'2022-10-31 22:00:00.000000','2022-10-31 08:00:00.000000',0),(220,'2022-10-31','오늘 학교에서 할로윈 파티를 했다. 집에 오니 동생 혜안이가 친구들한테 사탕을 받아왔길래 하나만 달라고 했는데 나를 놀리면서 도망갔다. 기분이 나빠서 화냈는데 엄마가 나만 혼내서 눈물이 났다.','https://geurime-a506.s3.ap-northeast-2.amazonaws.com/static/27f705b9-e0ab-417d-9957-fc0f88f6e6c4%5Chome%5Cubuntu%5Cstatic%5Cimage.png','할로윈 사탕',0.330581,0.203051,0.466368,_binary '',_binary '\0',189,4,'2022-10-31 22:20:00.000000','2022-10-31 08:00:00.000000',0),(221,'2022-11-14','ㅇㅇㅇ','https://geurime-a506.s3.ap-northeast-2.amazonaws.com/static/ddba54a2-c782-459d-9124-b776f2205546%5Chome%5Cubuntu%5Cstatic%5CcroppedImage.png','ㅇㅇㅇ',0.360404,0.0668406,0.572756,_binary '',_binary '\0',199,2,'2022-11-14 22:00:00.000000','2022-11-14 08:00:00.000000',0),(223,'2022-11-14',NULL,'https://geurime-a506.s3.ap-northeast-2.amazonaws.com/static/2fd78871-0581-4077-bac1-6c0b7c2c07c7%5Chome%5Cubuntu%5Cstatic%5Cimage.png','좋아',0.360759,0.112949,0.526291,_binary '\0',_binary '\0',194,NULL,NULL,NULL,NULL),(224,'2022-11-14',NULL,'https://geurime-a506.s3.ap-northeast-2.amazonaws.com/static/ea530f41-7de2-4291-9a03-dd6419836d54%5Chome%5Cubuntu%5Cstatic%5Cimage.png','좋아',0.360759,0.112949,0.526291,_binary '\0',_binary '\0',194,NULL,NULL,NULL,NULL),(225,'2022-11-14',NULL,'https://geurime-a506.s3.ap-northeast-2.amazonaws.com/static/7827f019-7570-41b3-b0bc-d40adb9522ae%5Chome%5Cubuntu%5Cstatic%5Cimage.png','좋아',0.360759,0.112949,0.526291,_binary '\0',_binary '\0',194,NULL,NULL,NULL,NULL),(226,'2022-11-14',NULL,'https://geurime-a506.s3.ap-northeast-2.amazonaws.com/static/b6033501-1519-478e-96eb-bff026ffab0a%5Chome%5Cubuntu%5Cstatic%5Cimage.png','좋아',0.360759,0.112949,0.526291,_binary '\0',_binary '\0',194,NULL,NULL,NULL,NULL),(227,'2022-11-09','오늘 학교 끝나고 외식을 했다. 고기를 먹으러 갔는데 맛있었다. 동생 혜안이가 반찬투정을 하다가 혼났다. 불쌍해서 내가 몰래 먹어줬다.','https://geurime-a506.s3.ap-northeast-2.amazonaws.com/static/e435dece-d992-4e22-9159-4b571112b18d%5Chome%5Cubuntu%5Cstatic%5Cimage.png','가족 외식',0.359592,0.10664,0.533767,_binary '',_binary '\0',189,2,'2022-11-09 22:00:00.000000','2022-11-09 08:00:00.000000',1),(228,'2022-11-14','안녕 낭나이댜러ㅏ안녕 안녕 난안녕 나는','https://geurime-a506.s3.ap-northeast-2.amazonaws.com/static/ad61eb47-1d02-4f23-ae53-845613770576%5Chome%5Cubuntu%5Cstatic%5Cimage.png','재밌는날',0.334433,0.0328564,0.63271,_binary '',_binary '',92,0,'2022-11-14 22:00:00.000000','2022-11-14 08:00:00.000000',0),(229,'2022-11-14','오늘은 너무 즐거운 날이었다.오늘은 너무 즐거운 날이었다.오늘은 너무 즐거운 날이었다.오늘은 너무 즐거운 날이었다.오늘은 너무 즐거운 날이었다.오늘은 너무 즐거운 날이었다.오늘은 너무 즐거운 날이었다.오늘은 너무 즐거운 날이었다.오늘은 너무 즐거운 날이었다.오늘은 너무 즐거운 날이었다.오늘은 너무 즐거운 날이었다.','https://geurime-a506.s3.ap-northeast-2.amazonaws.com/static/63cadf60-0002-4a41-a3f4-61fbf32d5c46%5Chome%5Cubuntu%5Cstatic%5Cimage.png','재밌는날',0.334433,0.0328564,0.63271,_binary '',_binary '\0',92,0,'2022-11-14 22:00:00.000000','2022-11-14 08:00:00.000000',0),(230,'2022-11-15','안녕안녕 부탁합니다하세요!!!!','https://geurime-a506.s3.ap-northeast-2.amazonaws.com/static/f63f3f38-63fa-4f7f-aba2-c393afa2387b%5Chome%5Cubuntu%5Cstatic%5Cimage.png','그림수정한닷!!!',0.376185,0.116619,0.507196,_binary '',_binary '\0',93,0,'2022-11-15 22:00:00.000000','2022-11-15 08:00:00.000000',0),(231,'2022-11-15','안녕하세요 하평이가 꿀을 많이 빨아서 화난다','https://geurime-a506.s3.ap-northeast-2.amazonaws.com/static/8dc96ed3-ae96-4f62-b08a-209f2b1b142f%5Chome%5Cubuntu%5Cstatic%5Cimage.png','가보자',0.375305,0.18528,0.439416,_binary '',_binary '\0',118,4,'2022-11-15 22:00:00.000000','2022-11-15 08:00:00.000000',1),(232,'2022-11-15','오늘은 개발을 하기 싫다.\n개발 귀찮다.\n슬프다.','https://geurime-a506.s3.ap-northeast-2.amazonaws.com/static/ea8c34d2-d29d-4e00-b081-d03009c307cd%5Chome%5Cubuntu%5Cstatic%5Cimage.png','개발 하기 싫다',0.608969,0.182946,0.208084,_binary '',_binary '\0',135,1,'2022-11-15 22:00:00.000000','2022-11-15 08:00:00.000000',1),(233,'2022-11-01','슬퍼','https://geurime-a506.s3.ap-northeast-2.amazonaws.com/static/bf403c3f-201f-409b-889c-4d294a58ad4a%5Chome%5Cubuntu%5Cstatic%5Cimage.png','슬퍼',0.346672,0.258263,0.395065,_binary '',_binary '\0',135,1,'2022-11-01 22:00:00.000000','2022-11-01 08:00:00.000000',1),(234,'2022-11-04','이해모태~~~','https://geurime-a506.s3.ap-northeast-2.amazonaws.com/static/7516edb1-cc4a-4de5-bb13-651c5d3baa7c%5Chome%5Cubuntu%5Cstatic%5Cimage.png','이해모태~~~~',0.334433,0.0328564,0.63271,_binary '',_binary '\0',135,1,'2022-11-04 22:00:00.000000','2022-11-04 08:00:00.000000',1),(235,'2022-11-06','','https://geurime-a506.s3.ap-northeast-2.amazonaws.com/static/64dc70cc-d022-4841-9b55-778a2628e673%5Chome%5Cubuntu%5Cstatic%5Cimage.png','aaa',0.334433,0.0328564,0.63271,_binary '',_binary '\0',135,0,'2022-11-06 22:00:00.000000','2022-11-06 08:00:00.000000',1),(236,'2022-11-15',NULL,'https://geurime-a506.s3.ap-northeast-2.amazonaws.com/static/34d62393-bd55-43b7-80ec-0a65df14c3ba%5Chome%5Cubuntu%5Cstatic%5Cimage.png','보노보노',0.214627,0.525102,0.260271,_binary '\0',_binary '\0',132,NULL,NULL,NULL,NULL),(237,'2022-11-08','아아ㅋㅇㅇㅋㄹㅇㄹ안 아파','https://geurime-a506.s3.ap-northeast-2.amazonaws.com/static/8cb1f1b8-45ee-4e4a-aa66-fe76d1ec4cb1%5Chome%5Cubuntu%5Cstatic%5Cimage.png','안아파',0.334433,0.0328564,0.63271,_binary '',_binary '\0',133,1,'2022-11-08 22:00:00.000000','2022-11-08 08:00:00.000000',2),(239,'2022-11-16','sss','https://geurime-a506.s3.ap-northeast-2.amazonaws.com/static/5160712b-81f1-4051-9e25-0d162b53b71b%5Chome%5Cubuntu%5Cstatic%5Cimage.png','재밋어',0.330595,0.0314042,0.638001,_binary '',_binary '\0',93,0,'2022-11-16 22:00:00.000000','2022-11-16 08:00:00.000000',0),(241,'2022-11-16','ㅁㄴㅇㄹ','https://geurime-a506.s3.ap-northeast-2.amazonaws.com/static/bf8e721c-d497-43ba-b232-03785d27f5d8%5Chome%5Cubuntu%5Cstatic%5Cimage.png','재밋는날',0.334433,0.0328564,0.63271,_binary '',_binary '\0',93,0,'2022-11-16 22:00:00.000000','2022-11-16 08:00:00.000000',0),(245,'2022-10-11','오늘은 내 생일이었다. 학교에서 친구들이 생일 파티를 해줬다. 집에서도 가족들이랑 케이크를 먹었다. 기분 좋은 하루였다.','https://geurime-a506.s3.ap-northeast-2.amazonaws.com/static/4e6cc2a1-602d-4e7d-abd9-bc11fb33a7c7%5Chome%5Cubuntu%5Cstatic%5CcroppedImage.png','생일 케이크',0.215018,0.617565,0.167416,_binary '',_binary '\0',189,0,'2022-10-11 23:00:00.000000','2022-10-11 08:00:00.000000',1),(247,'2022-11-16',NULL,'https://geurime-a506.s3.ap-northeast-2.amazonaws.com/static/0233c051-17e5-40db-91df-192c57caeb3c%5Chome%5Cubuntu%5Cstatic%5Cimage.png','공룡',0.453749,0.257227,0.289023,_binary '\0',_binary '\0',188,NULL,NULL,NULL,NULL),(248,'2022-11-16',NULL,'https://geurime-a506.s3.ap-northeast-2.amazonaws.com/static/aa5acd73-bb1c-40f0-a229-5afaa9262a3c%5Chome%5Cubuntu%5Cstatic%5Cimage.png','놀이공원',0.178604,0.719351,0.102046,_binary '\0',_binary '\0',188,NULL,NULL,NULL,NULL),(249,'2022-11-16',NULL,'https://geurime-a506.s3.ap-northeast-2.amazonaws.com/static/5ff7b4b3-b61e-4e22-995e-3ac65d38cbb5%5Chome%5Cubuntu%5Cstatic%5Cimage.png','바닷 속 친구들',0.181602,0.669562,0.148835,_binary '\0',_binary '\0',188,NULL,NULL,NULL,NULL),(250,'2022-11-16','ㅎㅎ','https://geurime-a506.s3.ap-northeast-2.amazonaws.com/static/04b7f594-3df2-4e96-98b1-32efe123c205%5Chome%5Cubuntu%5Cstatic%5Cimage.png','재밋는날',0.334433,0.0328564,0.63271,_binary '',_binary '\0',93,NULL,'2022-11-16 22:00:00.000000','2022-11-16 08:00:00.000000',NULL),(251,'2022-11-16',NULL,'https://geurime-a506.s3.ap-northeast-2.amazonaws.com/static/b725ced6-5aaa-4c9a-9a83-73cfbb7a7bfb%5Chome%5Cubuntu%5Cstatic%5Cimage.png','꿈 속 코끼리',0.32908,0.146107,0.524813,_binary '\0',_binary '\0',188,NULL,NULL,NULL,NULL),(252,'2022-10-22','오늘 엄마 아빠랑 등산을 갔다. 날씨가 흐려서 시원했다. 정상에 올라가서 먹은 김밥이 맛있었다.','https://geurime-a506.s3.ap-northeast-2.amazonaws.com/static/51f8f764-0b56-4644-bf1b-9dcd2ef86e1e%5Chome%5Cubuntu%5Cstatic%5C%ED%96%89%EB%B3%B5-%EB%93%B1%EC%82%B0.jfif','등산',0.129724,0.736122,0.134154,_binary '',_binary '\0',189,0,'2022-10-22 21:40:00.000000','2022-10-22 08:30:00.000000',1),(294,'2022-11-20',NULL,'https://geurime-a506.s3.ap-northeast-2.amazonaws.com/static/10ff9e3e-5ed4-4335-80a0-61051b3bb14a%5Chome%5Cubuntu%5Cstatic%5Cimage.png','꿀벌이랑 달팽이',0.225822,0.606913,0.167264,_binary '\0',_binary '\0',188,NULL,NULL,NULL,NULL),(297,'2022-11-11','녹음을 하겠지','https://geurime-a506.s3.ap-northeast-2.amazonaws.com/static/b945939a-8618-49bb-be54-039a355917a7%5Chome%5Cubuntu%5Cstatic%5Cimages.jfif','dd',0.713575,0.0891718,0.197254,_binary '',_binary '\0',93,2,'2022-11-11 22:00:00.000000','2022-11-11 08:00:00.000000',1),(298,'2022-11-04','ㅇㅇ','https://geurime-a506.s3.ap-northeast-2.amazonaws.com/static/d4951ca8-697c-4e39-801a-c5d687712e73%5Chome%5Cubuntu%5Cstatic%5C%EB%B0%94%ED%83%95.png','ㅇㅎㅎㅇ',0.361742,0.0814701,0.556788,_binary '',_binary '\0',93,2,'2022-11-04 22:00:00.000000','2022-11-04 08:00:00.000000',0),(303,'2022-11-20','ㅁㅁㅁㅁ','https://geurime-a506.s3.ap-northeast-2.amazonaws.com/static/febf3357-a26e-4f80-b312-f3bcc63bafc2%5Chome%5Cubuntu%5Cstatic%5Cimage.png','ㅁㅁㅁㅁ',0.240054,0.105322,0.654624,_binary '',_binary '\0',93,0,'2022-11-20 22:00:00.000000','2022-11-20 08:00:00.000000',2),(304,'2022-11-20',NULL,'https://geurime-a506.s3.ap-northeast-2.amazonaws.com/static/8b59eb98-843f-4571-9b53-8e91c7937e35%5Chome%5Cubuntu%5Cstatic%5Cimage.png','ㅁㅁㅁㅁ',0.353514,0.530501,0.115985,_binary '\0',_binary '\0',92,NULL,NULL,NULL,NULL),(308,'2022-11-18','오늘 친구들이랑 놀았다. 너무 재밌었다~!','https://geurime-a506.s3.ap-northeast-2.amazonaws.com/static/2d9ff559-6d94-4949-9d1a-e1f72c529fe5%5Chome%5Cubuntu%5Cstatic%5C%EA%B7%B8%EB%A6%BC4.jpg','재밌는날',0.238655,0.407465,0.353881,_binary '',_binary '\0',191,0,'2022-11-18 23:00:00.000000','2022-11-18 08:00:00.000000',1),(309,'2022-11-20',NULL,'https://geurime-a506.s3.ap-northeast-2.amazonaws.com/static/a3d863f4-5010-4c77-8731-b3155ab161fb%5Chome%5Cubuntu%5Cstatic%5Cimage.png','바닷가',0.353514,0.530501,0.115985,_binary '\0',_binary '',222,NULL,NULL,NULL,NULL);
/*!40000 ALTER TABLE `drawing` ENABLE KEYS */;
UNLOCK TABLES;

--
-- Table structure for table `drawing_box`
--

DROP TABLE IF EXISTS `drawing_box`;
/*!40101 SET @saved_cs_client     = @@character_set_client */;
/*!50503 SET character_set_client = utf8mb4 */;
CREATE TABLE `drawing_box` (
  `drawing_box_id` bigint NOT NULL AUTO_INCREMENT,
  `drawing_box_category` varchar(40) NOT NULL,
  `drawing_box_name` varchar(40) NOT NULL,
  `kid_id` bigint DEFAULT NULL,
  PRIMARY KEY (`drawing_box_id`),
  KEY `FK81myxbea1bn9iviecym9976n6` (`kid_id`),
  CONSTRAINT `FK81myxbea1bn9iviecym9976n6` FOREIGN KEY (`kid_id`) REFERENCES `kid` (`kid_id`)
) ENGINE=InnoDB AUTO_INCREMENT=227 DEFAULT CHARSET=utf8mb4 COLLATE=utf8mb4_0900_ai_ci;
/*!40101 SET character_set_client = @saved_cs_client */;

--
-- Dumping data for table `drawing_box`
--

LOCK TABLES `drawing_box` WRITE;
/*!40000 ALTER TABLE `drawing_box` DISABLE KEYS */;
INSERT INTO `drawing_box` VALUES (92,'기본','기본 보관함',39),(93,'일기','그림일기 보관함',39),(94,'기본','기본 보관함',40),(95,'일기','그림일기 보관함',40),(115,'기본','기본 보관함',43),(116,'일기','그림일기 보관함',43),(117,'기본','기본 보관함',44),(118,'일기','그림일기 보관함',44),(132,'기본','기본 보관함',50),(133,'일기','그림일기 보관함',50),(134,'기본','기본 보관함',51),(135,'일기','그림일기 보관함',51),(136,'커스텀','카니 갤러리',39),(176,'기본','기본 보관함',69),(177,'일기','그림일기 보관함',69),(186,'기본','기본 보관함',74),(187,'일기','그림일기 보관함',74),(188,'기본','기본 보관함',75),(189,'일기','그림일기 보관함',75),(190,'기본','기본 보관함',76),(191,'일기','그림일기 보관함',76),(192,'기본','기본 보관함',77),(193,'일기','그림일기 보관함',77),(194,'기본','기본 보관함',78),(195,'일기','그림일기 보관함',78),(196,'기본','기본 보관함',79),(197,'일기','그림일기 보관함',79),(198,'기본','기본 보관함',80),(199,'일기','그림일기 보관함',80),(222,'커스텀','미술학원',76),(224,'기본','기본 보관함',83),(225,'기본','그림일기 보관함',83);
/*!40000 ALTER TABLE `drawing_box` ENABLE KEYS */;
UNLOCK TABLES;

--
-- Table structure for table `family`
--

DROP TABLE IF EXISTS `family`;
/*!40101 SET @saved_cs_client     = @@character_set_client */;
/*!50503 SET character_set_client = utf8mb4 */;
CREATE TABLE `family` (
  `family_id` bigint NOT NULL AUTO_INCREMENT,
  `family_leader_id` bigint DEFAULT NULL,
  `family_name` varchar(20) DEFAULT NULL,
  `invite_code` varchar(255) DEFAULT NULL,
  PRIMARY KEY (`family_id`)
) ENGINE=InnoDB AUTO_INCREMENT=56 DEFAULT CHARSET=utf8mb4 COLLATE=utf8mb4_0900_ai_ci;
/*!40101 SET character_set_client = @saved_cs_client */;

--
-- Dumping data for table `family`
--

LOCK TABLES `family` WRITE;
/*!40000 ALTER TABLE `family` DISABLE KEYS */;
INSERT INTO `family` VALUES (31,21,'멍멍이가족','ZBa'),(44,51,'싸피','mBa'),(47,54,'한주아','pBa'),(48,56,'청년SW가족','qBa'),(49,39,'윤하와 친구들','rBa'),(50,57,'꿀벌가족','sBa'),(51,60,'미정 이네','tBa'),(52,61,'윤하네','uBa'),(53,63,'56767','vBa'),(55,70,'봉봉이','xBa');
/*!40000 ALTER TABLE `family` ENABLE KEYS */;
UNLOCK TABLES;

--
-- Table structure for table `kid`
--

DROP TABLE IF EXISTS `kid`;
/*!40101 SET @saved_cs_client     = @@character_set_client */;
/*!50503 SET character_set_client = utf8mb4 */;
CREATE TABLE `kid` (
  `kid_id` bigint NOT NULL AUTO_INCREMENT,
  `kid_birth` date DEFAULT NULL,
  `kid_name` varchar(20) DEFAULT NULL,
  `kid_profile_image` varchar(1000) DEFAULT NULL,
  `family_id` bigint DEFAULT NULL,
  PRIMARY KEY (`kid_id`),
  KEY `FKacr1eowe68qsh4xln99w8ymct` (`family_id`),
  CONSTRAINT `FKacr1eowe68qsh4xln99w8ymct` FOREIGN KEY (`family_id`) REFERENCES `family` (`family_id`)
) ENGINE=InnoDB AUTO_INCREMENT=84 DEFAULT CHARSET=utf8mb4 COLLATE=utf8mb4_0900_ai_ci;
/*!40101 SET character_set_client = @saved_cs_client */;

--
-- Dumping data for table `kid`
--

LOCK TABLES `kid` WRITE;
/*!40000 ALTER TABLE `kid` DISABLE KEYS */;
INSERT INTO `kid` VALUES (39,'2010-07-09','첫째카니','https://geurime-a506.s3.ap-northeast-2.amazonaws.com/static/b9c5a4dc-9c55-4ca0-b90b-f89f2432cfaa%5Chome%5Cubuntu%5Cstatic%5C20221026_120518.jpg',31),(40,'2019-11-21','둘째아들포','https://geurime-a506.s3.ap-northeast-2.amazonaws.com/static/037a9296-787b-4ee2-a213-637d4e30d638%5Chome%5Cubuntu%5Cstatic%5C20221007_162306.jpg',31),(43,'2018-03-03','셋째 옴팡이','https://geurime-a506.s3.ap-northeast-2.amazonaws.com/static/84bfe691-2bed-4db3-89ae-d1b46ac14d30%5Chome%5Cubuntu%5Cstatic%5C%E1%84%89%E1%85%B3%E1%84%8F%E1%85%B3%E1%84%85%E1%85%B5%E1%86%AB%E1%84%89%E1%85%A3%E1%86%BA%202022-11-09%20%E1%84%8B%E1%85%A9%E1%84%8C%E1%85%A5%E1%86%AB%2010.15.30.png',31),(44,'2021-04-04','넷째 옴팡이','https://geurime-a506.s3.ap-northeast-2.amazonaws.com/static/9c748120-8d29-4c09-80ce-afd067cb19be%5Chome%5Cubuntu%5Cstatic%5C%E1%84%89%E1%85%B3%E1%84%8F%E1%85%B3%E1%84%85%E1%85%B5%E1%86%AB%E1%84%89%E1%85%A3%E1%86%BA%202022-11-09%20%E1%84%8B%E1%85%A9%E1%84%8C%E1%85%A5%E1%86%AB%2010.14.31.png',31),(50,'1960-01-02','평평이','https://geurime-a506.s3.ap-northeast-2.amazonaws.com/static/ee19f1db-6851-44c6-8565-9297404bd2bd%5Chome%5Cubuntu%5Cstatic%5C9998E9485E7C1FB918.png',31),(51,'2013-12-12','옴팡이','https://geurime-a506.s3.ap-northeast-2.amazonaws.com/static/06f348a8-e17e-45e6-967e-7b30dd714962%5Chome%5Cubuntu%5Cstatic%5C%E1%84%89%E1%85%B3%E1%84%8F%E1%85%B3%E1%84%85%E1%85%B5%E1%86%AB%E1%84%89%E1%85%A3%E1%86%BA%202022-11-09%20%E1%84%8B%E1%85%A9%E1%84%8C%E1%85%A5%E1%86%AB%2010.15.09.png',31),(69,'2020-11-11','우리아이','',44),(74,'2014-02-21','한주아','',47),(75,'2015-10-11','첫째','https://geurime-a506.s3.ap-northeast-2.amazonaws.com/static/042fec92-9cb0-42bb-9d26-beb9c1ff9ab4%5Chome%5Cubuntu%5Cstatic%5C2475C250548AA38127.jpg',48),(76,'2016-08-21','둘째','https://geurime-a506.s3.ap-northeast-2.amazonaws.com/static/fa626b10-9fae-4e8d-a091-798242c37464%5Chome%5Cubuntu%5Cstatic%5C15097_1151208417.jpg',48),(77,'2022-11-07','메쥬','',49),(78,'2010-07-17','평평이','',50),(79,'2020-02-02','미정','',51),(80,'2008-11-07','윤하','',52),(83,'2017-01-01','봉봉이','',55);
/*!40000 ALTER TABLE `kid` ENABLE KEYS */;
UNLOCK TABLES;

--
-- Table structure for table `user`
--

DROP TABLE IF EXISTS `user`;
/*!40101 SET @saved_cs_client     = @@character_set_client */;
/*!50503 SET character_set_client = utf8mb4 */;
CREATE TABLE `user` (
  `user_id` bigint NOT NULL AUTO_INCREMENT,
  `create_date` date DEFAULT NULL,
  `email` varchar(255) NOT NULL,
  `is_active` bit(1) DEFAULT NULL,
  `is_child` bit(1) DEFAULT NULL,
  `nickname` varchar(255) DEFAULT NULL,
  `provider` varchar(10) NOT NULL,
  `refresh_token` varchar(255) DEFAULT NULL,
  `user_birth` date DEFAULT NULL,
  `user_gender` varchar(255) DEFAULT NULL,
  `user_name` varchar(255) NOT NULL,
  `user_profile_image` varchar(1000) DEFAULT NULL,
  `family_id` bigint DEFAULT NULL,
  PRIMARY KEY (`user_id`),
  UNIQUE KEY `UK_n4swgcf30j6bmtb4l4cjryuym` (`nickname`),
  UNIQUE KEY `UK_b677sn8rlv4xp0xs28b2ypf2y` (`refresh_token`),
  KEY `FKg1yvd3sm96dwl58jyuntfvkc1` (`family_id`),
  CONSTRAINT `FKg1yvd3sm96dwl58jyuntfvkc1` FOREIGN KEY (`family_id`) REFERENCES `family` (`family_id`)
) ENGINE=InnoDB AUTO_INCREMENT=71 DEFAULT CHARSET=utf8mb4 COLLATE=utf8mb4_0900_ai_ci;
/*!40101 SET character_set_client = @saved_cs_client */;

--
-- Dumping data for table `user`
--

LOCK TABLES `user` WRITE;
/*!40000 ALTER TABLE `user` DISABLE KEYS */;
INSERT INTO `user` VALUES (2,'2022-10-27','janfar@naver.com',_binary '',NULL,NULL,'google','eyJhbGciOiJIUzI1NiJ9.eyJzdWIiOiJ0b2tlbiIsInByb3ZpZGVyIjoiZ29vZ2xlIiwibmFtZSI6Iu2Fhe2FhVR1bmdUdW5nIiwiZW1haWwiOiJqYW5mYXJAbmF2ZXIuY29tIiwiaWF0IjoxNjY3MzYyMDg0LCJleHAiOjE2Njk5NTQwODR9.yYHbud_9fW3UmJuRYAmkmB84B-HTH9GMkuQo8GE8VZk',NULL,NULL,'텅텅TungTung',NULL,NULL),(21,'2019-11-07','ashley3053@gmail.com',_binary '',_binary '','해안이야','google','eyJhbGciOiJIUzI1NiJ9.eyJzdWIiOiJ0b2tlbiIsInByb3ZpZGVyIjoiZ29vZ2xlIiwibmFtZSI6Iu2PrOy5tOuLiOyKpOybqO2KuCIsImVtYWlsIjoiYXNobGV5MzA1M0BnbWFpbC5jb20iLCJpYXQiOjE2Njg3NTQ3NDksImV4cCI6MTY3MTM0Njc0OX0.Di_xKyZFgdc6upQ5HvgF7YgOFFee2eGu82_HOjrHuuA','1997-01-17','F','포카니스웨트','https://geurime-a506.s3.ap-northeast-2.amazonaws.com/static/ba16ede0-de07-4ef3-8fa3-b1799691eb0b%5Chome%5Cubuntu%5Cstatic%5CangryClicked.png',31),(26,'2022-11-09','hyundnr1126@gmail.com',_binary '',_binary '\0','초보아빠','google','eyJhbGciOiJIUzI1NiJ9.eyJzdWIiOiJ0b2tlbiIsInByb3ZpZGVyIjoiZ29vZ2xlIiwibmFtZSI6IuycoO2YhOyasSIsImVtYWlsIjoiaHl1bmRucjExMjZAZ21haWwuY29tIiwiaWF0IjoxNjY4OTUyODE5LCJleHAiOjE2NzE1NDQ4MTl9.T5rYjFifQXKoNSAsIa-mCTRa-UDpqelxBGWtDKR7INs','1995-02-03','M','유현욱','https://geurime-a506.s3.ap-northeast-2.amazonaws.com/static/5a10ae2c-3f66-4460-b8a0-a7dda7676238%5Chome%5Cubuntu%5Cstatic%5C31716685.jpg',31),(29,'2022-11-09','gks3075@gmail.com',_binary '',_binary '\0','평평이','google','eyJhbGciOiJIUzI1NiJ9.eyJzdWIiOiJ0b2tlbiIsInByb3ZpZGVyIjoiZ29vZ2xlIiwibmFtZSI6Iu2VnO2VmO2PiSIsImVtYWlsIjoiZ2tzMzA3NUBnbWFpbC5jb20iLCJpYXQiOjE2Njg5NDg3OTMsImV4cCI6MTY3MTU0MDc5M30.ueclp2tdp3WPfHSdOa5OZibd8gDGmSGpbIOpp0yyW5I','1994-07-04','M','한하평','',31),(39,'2022-11-11','0atx.yh@gmail.com',_binary '',_binary '\0','미대정','google','eyJhbGciOiJIUzI1NiJ9.eyJzdWIiOiJ0b2tlbiIsInByb3ZpZGVyIjoiZ29vZ2xlIiwibmFtZSI6IuuwleycpO2VmCIsImVtYWlsIjoiMGF0eC55aEBnbWFpbC5jb20iLCJpYXQiOjE2Njg5NTM4NDAsImV4cCI6MTY3MTU0NTg0MH0.TjdOBcPT2YfZLi5IUyRBjLmLXgKFTDNElYKcu2HhEMA','1998-11-07','F','박윤하','https://geurime-a506.s3.ap-northeast-2.amazonaws.com/static/67d37501-12e9-444b-b294-f6e348194469%5Chome%5Cubuntu%5Cstatic%5C%ED%96%89%EB%B3%B5-%EA%B3%B5%EB%A3%A1_%EB%8F%99%EC%83%9D8.jpg',49),(51,'2022-11-11','ase0574@gmail.com',_binary '',_binary '\0','실코','google','eyJhbGciOiJIUzI1NiJ9.eyJzdWIiOiJ0b2tlbiIsInByb3ZpZGVyIjoiZ29vZ2xlIiwibmFtZSI6IlNhcmFoIiwiZW1haWwiOiJhc2UwNTc0QGdtYWlsLmNvbSIsImlhdCI6MTY2ODE0MjIzNywiZXhwIjoxNjcwNzM0MjM3fQ.1UwRDYKfZ97Pri7Fbg1hbHbvZShSi-0kJ5qewPkOFt8','1919-01-01','F','Sarah','',44),(54,'2022-11-11','asya390@gmail.com',_binary '',_binary '\0','녹쌕','kakao','eyJhbGciOiJIUzI1NiJ9.eyJzdWIiOiJ0b2tlbiIsInByb3ZpZGVyIjoia2FrYW8iLCJuYW1lIjoi7ZWc6riw7LKgIiwiZW1haWwiOiJhc3lhMzkwQGdtYWlsLmNvbSIsImlhdCI6MTY2ODE0MjY1MiwiZXhwIjoxNjcwNzM0NjUyfQ.72_uAEhLO2KIPs4kGvk59EdOLzvQ2G3aKn7g3ZNpfbc','1976-12-08','M','한기철','',47),(55,'2022-11-11','gpdks_668@naver.com',_binary '',_binary '\0','나는혜안2야','kakao','eyJhbGciOiJIUzI1NiJ9.eyJzdWIiOiJ0b2tlbiIsInByb3ZpZGVyIjoia2FrYW8iLCJuYW1lIjoi7KGw7Zic7JWIIiwiZW1haWwiOiJncGRrc182NjhAbmF2ZXIuY29tIiwiaWF0IjoxNjY4MTQzMTA1LCJleHAiOjE2NzA3MzUxMDV9.nws01FBK56fgb4ZPRXKSWgbcTrVNii2tFknHdor0R_M','1997-01-17','F','조혜안','https://geurime-a506.s3.ap-northeast-2.amazonaws.com/static/5ae4cf5a-9650-4be2-a0cc-8ea801ed02b4%5Chome%5Cubuntu%5Cstatic%5CcloudyClicked.png',31),(56,'2022-11-11','kimssafy506@gmail.com',_binary '',_binary '\0','싸피','google','eyJhbGciOiJIUzI1NiJ9.eyJzdWIiOiJ0b2tlbiIsInByb3ZpZGVyIjoiZ29vZ2xlIiwibmFtZSI6Iuq5gOyLuO2UvCIsImVtYWlsIjoia2ltc3NhZnk1MDZAZ21haWwuY29tIiwiaWF0IjoxNjY4OTg4MDk1LCJleHAiOjE2NzE1ODAwOTV9.Fr9JhZoaaButSNbCZb8uW9yG_QAHBdTG0uxk-NcP_V0','1980-12-02','M','김싸피','https://geurime-a506.s3.ap-northeast-2.amazonaws.com/static/d58e2876-a3e9-4bd1-bc0b-4e54b7de7bb1%5Chome%5Cubuntu%5Cstatic%5C%EB%82%A8%EC%9E%9030-40%EB%8C%80.png',48),(57,'2022-11-11','peace0704@naver.com',_binary '',_binary '\0','꿀빠는 평평','kakao','eyJhbGciOiJIUzI1NiJ9.eyJzdWIiOiJ0b2tlbiIsInByb3ZpZGVyIjoia2FrYW8iLCJuYW1lIjoi7ZWc7ZWY7Y-JIiwiZW1haWwiOiJwZWFjZTA3MDRAbmF2ZXIuY29tIiwiaWF0IjoxNjY4MTQ0OTY0LCJleHAiOjE2NzA3MzY5NjR9.-UVxoz0buOr2RrW5gD-qjZjlaIxARihVtZmdQAPz2lM','1994-07-04','M','한하평','',50),(58,'2022-11-11','tbwmwjstk@naver.com',_binary '',NULL,NULL,'kakao','eyJhbGciOiJIUzI1NiJ9.eyJzdWIiOiJ0b2tlbiIsInByb3ZpZGVyIjoia2FrYW8iLCJuYW1lIjoi7Jes7JiI7JuQIiwiZW1haWwiOiJ0Yndtd2pzdGtAbmF2ZXIuY29tIiwiaWF0IjoxNjY4NTg4NjUwLCJleHAiOjE2NzExODA2NTB9.R2U-8P2kqBQlqQswOm8YcMWNAzHifSrWSPFeFrNxKeU',NULL,NULL,'여예원',NULL,NULL),(59,'2022-11-11','shinzan@naver.com',_binary '',_binary '\0','와이프','kakao','eyJhbGciOiJIUzI1NiJ9.eyJzdWIiOiJ0b2tlbiIsInByb3ZpZGVyIjoia2FrYW8iLCJuYW1lIjoi7Iug7KeA7ZWcIiwiZW1haWwiOiJzaGluemFuQG5hdmVyLmNvbSIsImlhdCI6MTY2ODk0NjI4MiwiZXhwIjoxNjcxNTM4MjgyfQ.-VeugCLaXnfYOJDt4ImHt9juVZQf4Nze7t7a4p97Ffk','1985-10-10','F','신지한','https://geurime-a506.s3.ap-northeast-2.amazonaws.com/static/5c64c4e7-4671-4f7a-84e0-016bb1994cef%5Chome%5Cubuntu%5Cstatic%5C%EC%97%AC%EC%9E%9020-30%EB%8C%80.png',48),(60,'2022-11-13','gusuk26@gmail.com',_binary '',_binary '\0','혀눅','google','eyJhbGciOiJIUzI1NiJ9.eyJzdWIiOiJ0b2tlbiIsInByb3ZpZGVyIjoiZ29vZ2xlIiwibmFtZSI6Imh5dW4geW9vIiwiZW1haWwiOiJndXN1azI2QGdtYWlsLmNvbSIsImlhdCI6MTY2ODk0MTgxOSwiZXhwIjoxNjcxNTMzODE5fQ.8J9YdXNqt_j8HWzQ17qry1yeWYEjTV7o1sNMS-sZOBk','1995-11-26','M','hyun yoo','',51),(61,'2022-11-14','1771360@hansung.ac.kr',_binary '',_binary '\0','윤향','google','eyJhbGciOiJIUzI1NiJ9.eyJzdWIiOiJ0b2tlbiIsInByb3ZpZGVyIjoiZ29vZ2xlIiwibmFtZSI6Iijsm7nqs7XtlZntirjrnpkp67CV7Jyk7ZWYIiwiZW1haWwiOiIxNzcxMzYwQGhhbnN1bmcuYWMua3IiLCJpYXQiOjE2Njg3MzY3NTAsImV4cCI6MTY3MTMyODc1MH0.-Ih_7vYnNIObwXOTO8_d5QU0CrEEUgBi7_-QHKIKfoQ','1998-11-07','F','(웹공학트랙)박윤하','',52),(63,'2022-11-15','ha110011@naver.com',_binary '',_binary '\0','787878','kakao','eyJhbGciOiJIUzI1NiJ9.eyJzdWIiOiJ0b2tlbiIsInByb3ZpZGVyIjoia2FrYW8iLCJuYW1lIjoi67CV7Jyk7ZWYIiwiZW1haWwiOiJoYTExMDAxMUBuYXZlci5jb20iLCJpYXQiOjE2Njg1NjA0MjcsImV4cCI6MTY3MTE1MjQyN30.JgwMgtJ_ni7z9W_Z1Yr3FfPUv9QLYBR17xei2w5-DDQ','1998-11-07','F','박윤하','',53),(64,'2022-11-15','dev.dukgu@kakao.com',_binary '',NULL,NULL,'kakao','eyJhbGciOiJIUzI1NiJ9.eyJzdWIiOiJ0b2tlbiIsInByb3ZpZGVyIjoia2FrYW8iLCJuYW1lIjoi6rmA642V6rWsIiwiZW1haWwiOiJkZXYuZHVrZ3VAa2FrYW8uY29tIiwiaWF0IjoxNjY4NDk0ODcwLCJleHAiOjE2NzEwODY4NzB9.b49EFoRLPJ8XTuOkyCNZdhyRcpDEYFsYTR_tQeWCa98',NULL,NULL,'김덕구',NULL,NULL),(66,'2022-11-16','sam8034@naver.com',_binary '',NULL,NULL,'kakao',NULL,NULL,NULL,'규민',NULL,NULL),(67,'2022-11-16','gyumin.q.lee@gmail.com',_binary '',NULL,NULL,'google',NULL,NULL,NULL,'Gyumin Lee',NULL,NULL),(68,'2022-11-16','soborumat@naver.com',_binary '',NULL,NULL,'kakao','eyJhbGciOiJIUzI1NiJ9.eyJzdWIiOiJ0b2tlbiIsInByb3ZpZGVyIjoia2FrYW8iLCJuYW1lIjoi7J207KeE7ZaJIiwiZW1haWwiOiJzb2JvcnVtYXRAbmF2ZXIuY29tIiwiaWF0IjoxNjY4NTg2NjkyLCJleHAiOjE2NzExNzg2OTJ9.EoaT_VwTkDSBkERVZwIKmwDBgsJd8ls7mR4Qj1K-nUw',NULL,NULL,'이진행',NULL,NULL),(69,'2022-11-18','yeoyewon97@gmail.com',_binary '',_binary '\0','예원','google','eyJhbGciOiJIUzI1NiJ9.eyJzdWIiOiJ0b2tlbiIsInByb3ZpZGVyIjoiZ29vZ2xlIiwibmFtZSI6Inlld29uIFllbyAo7JiI7JuQKSIsImVtYWlsIjoieWVveWV3b245N0BnbWFpbC5jb20iLCJpYXQiOjE2Njg5NDg3NDcsImV4cCI6MTY3MTU0MDc0N30.wCSV4joSpvYhgn8Rc-AB6eB5lxb21KVFY-K-CynN_H4','1997-07-17','F','yewon Yeo (예원)','https://geurime-a506.s3.ap-northeast-2.amazonaws.com/static/dea2d0b6-61e0-4438-a464-064977a49733%5Chome%5Cubuntu%5Cstatic%5C%E1%84%89%E1%85%B3%E1%84%8F%E1%85%B3%E1%84%85%E1%85%B5%E1%86%AB%E1%84%89%E1%85%A3%E1%86%BA%202022-11-03%20%E1%84%8B%E1%85%A9%E1%84%8C%E1%85%A5%E1%86%AB%209.27.43.png',31),(70,'2022-11-20','tanficial9574@gmail.com',_binary '',_binary '\0','태태윤','google','eyJhbGciOiJIUzI1NiJ9.eyJzdWIiOiJ0b2tlbiIsInByb3ZpZGVyIjoiZ29vZ2xlIiwibmFtZSI6Iuygle2DnOycpCIsImVtYWlsIjoidGFuZmljaWFsOTU3NEBnbWFpbC5jb20iLCJpYXQiOjE2Njg5NTE2MDMsImV4cCI6MTY3MTU0MzYwM30.hSYue0EK49a3yjiD5sZRBHFhE0FlBva4Uj-FGWUJ5R0','1995-05-21','M','정태윤','',55);
/*!40000 ALTER TABLE `user` ENABLE KEYS */;
UNLOCK TABLES;
/*!40103 SET TIME_ZONE=@OLD_TIME_ZONE */;

/*!40101 SET SQL_MODE=@OLD_SQL_MODE */;
/*!40014 SET FOREIGN_KEY_CHECKS=@OLD_FOREIGN_KEY_CHECKS */;
/*!40014 SET UNIQUE_CHECKS=@OLD_UNIQUE_CHECKS */;
/*!40101 SET CHARACTER_SET_CLIENT=@OLD_CHARACTER_SET_CLIENT */;
/*!40101 SET CHARACTER_SET_RESULTS=@OLD_CHARACTER_SET_RESULTS */;
/*!40101 SET COLLATION_CONNECTION=@OLD_COLLATION_CONNECTION */;
/*!40111 SET SQL_NOTES=@OLD_SQL_NOTES */;

-- Dump completed on 2022-11-21  9:27:12
